Date,IBM,^GSPC
2010-01-04,74.26976776123047,1132.989990234375
2010-01-05,73.37257385253906,1136.52001953125
2010-01-06,72.89594268798828,1137.1400146484375
2010-01-07,72.6436538696289,1141.68994140625
2010-01-08,73.37257385253906,1144.97998046875
2010-01-11,72.60436248779297,1146.97998046875
2010-01-12,73.18193054199219,1136.219970703125
2010-01-13,73.0249252319336,1145.6800537109375
2010-01-14,74.1912612915039,1148.4599609375
2010-01-15,73.8940658569336,1136.030029296875
2010-01-19,75.21741485595703,1150.22998046875
2010-01-20,73.03614044189453,1138.0400390625
2010-01-21,72.335205078125,1116.47998046875
2010-01-22,70.37261962890625,1091.760009765625
2010-01-25,70.72027587890625,1096.780029296875
2010-01-26,70.5128402709961,1092.1700439453125
2010-01-27,70.83805847167969,1097.5
2010-01-28,69.39136505126953,1084.530029296875
2010-01-29,68.62873077392578,1073.8699951171875
2010-02-01,69.90721893310547,1089.18994140625
2010-02-02,70.38945007324219,1103.3199462890625
2010-02-03,70.46236419677734,1097.280029296875
2010-02-04,68.97079467773438,1063.1099853515625
2010-02-05,69.26235961914062,1066.18994140625
2010-02-08,68.6484146118164,1056.739990234375
2010-02-09,69.3975601196289,1070.52001953125
2010-02-10,69.17228698730469,1068.1300048828125
2010-02-11,69.6904525756836,1078.469970703125
2010-02-12,69.84252166748047,1075.510009765625
2010-02-16,70.53530883789062,1094.8699951171875
2010-02-17,71.1548843383789,1099.510009765625
2010-02-18,71.98849487304688,1106.75
2010-02-19,71.6392822265625,1109.1700439453125
2010-02-22,71.44776916503906,1108.010009765625
2010-02-23,71.22808837890625,1094.5999755859375
2010-02-24,71.86458587646484,1105.239990234375
2010-02-25,71.57169342041016,1102.93994140625
2010-02-26,71.62238311767578,1104.489990234375
2010-03-01,72.41657257080078,1115.7099609375
2010-03-02,71.76880645751953,1118.31005859375
2010-03-03,71.46466064453125,1118.7900390625
2010-03-04,71.37457275390625,1122.969970703125
2010-03-05,71.67308044433594,1138.699951171875
2010-03-08,71.199951171875,1138.5
2010-03-09,70.71553802490234,1140.449951171875
2010-03-10,70.7549819946289,1145.6099853515625
2010-03-11,71.8702163696289,1150.239990234375
2010-03-12,72.06172943115234,1149.989990234375
2010-03-15,71.9997787475586,1150.510009765625
2010-03-16,72.47289276123047,1159.4599609375
2010-03-17,71.9603271484375,1166.2099609375
2010-03-18,72.3095474243164,1165.8299560546875
2010-03-19,71.93216705322266,1159.9000244140625
2010-03-22,72.08423614501953,1165.81005859375
2010-03-23,72.86714172363281,1174.1700439453125
2010-03-24,72.39404296875,1167.719970703125
2010-03-25,72.79393768310547,1165.72998046875
2010-03-26,72.80516815185547,1166.5899658203125
2010-03-29,72.42780303955078,1173.219970703125
2010-03-30,72.52921295166016,1173.27001953125
2010-03-31,72.23631286621094,1169.4300537109375
2010-04-01,72.23631286621094,1178.0999755859375
2010-04-05,72.85586547851562,1187.43994140625
2010-04-06,72.61931610107422,1189.43994140625
2010-04-07,72.36585235595703,1182.449951171875
2010-04-08,71.87586212158203,1186.43994140625
2010-04-09,72.52355194091797,1194.3699951171875
2010-04-12,72.29827117919922,1196.47998046875
2010-04-13,72.6756591796875,1197.300048828125
2010-04-14,73.92606353759766,1210.6500244140625
2010-04-15,73.72329711914062,1211.6700439453125
2010-04-16,73.57684326171875,1192.1300048828125
2010-04-19,74.47803497314453,1197.52001953125
2010-04-20,73.0473861694336,1207.1700439453125
2010-04-21,72.65313720703125,1205.93994140625
2010-04-22,72.73196411132812,1208.6700439453125
2010-04-23,73.21638488769531,1217.280029296875
2010-04-26,73.63319396972656,1212.050048828125
2010-04-27,72.55738830566406,1183.7099609375
2010-04-28,73.2783203125,1191.3599853515625
2010-04-29,73.4811019897461,1206.780029296875
2010-04-30,72.65875244140625,1186.68994140625
2010-05-03,72.99668884277344,1202.260009765625
2010-05-04,72.1630630493164,1173.5999755859375
2010-05-05,71.7913589477539,1165.8699951171875
2010-05-06,70.15524291992188,1128.1500244140625
2010-05-07,69.12487030029297,1110.8800048828125
2010-05-10,71.48564910888672,1159.72998046875
2010-05-11,71.8366470336914,1155.7900390625
2010-05-12,75.11454772949219,1171.6700439453125
2010-05-13,74.43518829345703,1157.43994140625
2010-05-14,74.2710189819336,1135.6800537109375
2010-05-17,73.84642028808594,1136.93994140625
2010-05-18,73.56903839111328,1120.800048828125
2010-05-19,72.951904296875,1115.050048828125
2010-05-20,70.08728790283203,1071.5899658203125
2010-05-21,71.00442504882812,1087.68994140625
2010-05-24,70.45527648925781,1073.6500244140625
2010-05-25,70.49492645263672,1074.030029296875
2010-05-26,69.76461029052734,1067.949951171875
2010-05-27,71.55357360839844,1103.06005859375
2010-05-28,70.91385650634766,1089.4100341796875
2010-06-01,70.39299011230469,1070.7099609375
2010-06-02,72.13102722167969,1098.3800048828125
2010-06-03,72.44239044189453,1102.8299560546875
2010-06-04,70.92516326904297,1064.8800048828125
2010-06-07,70.27411651611328,1050.469970703125
2010-06-08,70.04200744628906,1062.0
2010-06-09,70.1438980102539,1055.68994140625
2010-06-10,72.28388977050781,1086.8399658203125
2010-06-11,72.71981048583984,1091.5999755859375
2010-06-14,72.74810028076172,1089.6300048828125
2010-06-15,73.4784164428711,1115.22998046875
2010-06-16,73.79544830322266,1114.6099853515625
2010-06-17,74.1521224975586,1116.0400390625
2010-06-18,73.6822509765625,1117.510009765625
2010-06-21,73.96530151367188,1113.199951171875
2010-06-22,73.20101165771484,1095.31005859375
2010-06-23,73.65958404541016,1092.0400390625
2010-06-24,72.57260131835938,1073.68994140625
2010-06-25,71.96682739257812,1076.760009765625
2010-06-28,73.0198745727539,1074.5699462890625
2010-06-29,70.817626953125,1041.239990234375
2010-06-30,69.9061508178711,1030.7099609375
2010-07-01,69.39094543457031,1027.3699951171875
2010-07-02,68.98899841308594,1022.5800170898438
2010-07-06,69.89481353759766,1028.06005859375
2010-07-07,71.89891815185547,1060.27001953125
2010-07-08,72.44808197021484,1070.25
2010-07-09,72.44239044189453,1077.9599609375
2010-07-12,72.84437561035156,1078.75
2010-07-13,73.86905670166016,1095.3399658203125
2010-07-14,74.00492858886719,1095.1700439453125
2010-07-15,74.00492858886719,1096.47998046875
2010-07-16,72.48200988769531,1064.8800048828125
2010-07-19,73.4784164428711,1071.25
2010-07-20,71.6441650390625,1083.47998046875
2010-07-21,70.91950988769531,1069.5899658203125
2010-07-22,72.16499328613281,1093.6700439453125
2010-07-23,72.68019104003906,1102.6600341796875
2010-07-26,72.69718933105469,1115.010009765625
2010-07-27,72.82171630859375,1113.8399658203125
2010-07-28,72.70848846435547,1106.1300048828125
2010-07-29,72.47636413574219,1101.530029296875
2010-07-30,72.6915054321289,1101.5999755859375
2010-08-02,74.027587890625,1125.8599853515625
2010-08-03,73.80681610107422,1120.4599609375
2010-08-04,74.31631469726562,1127.239990234375
2010-08-05,74.63336181640625,1125.81005859375
2010-08-06,74.0416488647461,1121.6400146484375
2010-08-09,75.09989166259766,1127.7900390625
2010-08-10,75.00883483886719,1121.06005859375
2010-08-11,73.86524963378906,1089.469970703125
2010-08-12,72.99480438232422,1083.6099853515625
2010-08-13,72.75017547607422,1079.25
2010-08-16,72.6932601928711,1079.3800048828125
2010-08-17,73.08014678955078,1092.5400390625
2010-08-18,73.61492156982422,1094.1600341796875
2010-08-19,73.33613586425781,1075.6300048828125
2010-08-20,72.53964233398438,1071.68994140625
2010-08-23,71.9536361694336,1067.3599853515625
2010-08-24,71.06038665771484,1051.8699951171875
2010-08-25,71.27091979980469,1055.3299560546875
2010-08-26,69.85424041748047,1047.219970703125
2010-08-27,70.96369934082031,1064.5899658203125
2010-08-30,70.20698547363281,1048.9200439453125
2010-08-31,70.05339813232422,1049.3299560546875
2010-09-01,71.5553970336914,1080.2900390625
2010-09-02,71.14006042480469,1090.0999755859375
2010-09-03,72.58516693115234,1104.510009765625
2010-09-07,71.65779876708984,1091.8399658203125
2010-09-08,71.73176574707031,1098.8699951171875
2010-09-09,71.89105987548828,1104.1800537109375
2010-09-10,72.81842803955078,1109.550048828125
2010-09-13,73.74012756347656,1121.9000244140625
2010-09-14,73.30770874023438,1121.0999755859375
2010-09-15,73.63770294189453,1125.0699462890625
2010-09-16,73.7742691040039,1124.6600341796875
2010-09-17,74.0700912475586,1125.5899658203125
2010-09-20,74.98040008544922,1142.7099609375
2010-09-21,75.0885009765625,1139.780029296875
2010-09-22,75.4241714477539,1134.280029296875
2010-09-23,74.9121322631836,1124.8299560546875
2010-09-24,76.30033111572266,1148.6700439453125
2010-09-27,76.60755920410156,1142.1600341796875
2010-09-28,76.74408721923828,1147.699951171875
2010-09-29,77.07976531982422,1144.72998046875
2010-09-30,76.3173828125,1141.199951171875
2010-10-01,77.17081451416016,1146.239990234375
2010-10-04,76.94890594482422,1137.030029296875
2010-10-05,78.3200912475586,1160.75
2010-10-06,78.42247772216797,1159.969970703125
2010-10-07,78.92314147949219,1158.06005859375
2010-10-08,78.99711608886719,1165.1500244140625
2010-10-11,79.45793914794922,1165.3199462890625
2010-10-12,79.56604766845703,1169.77001953125
2010-10-13,79.86188507080078,1178.0999755859375
2010-10-14,80.5047836303711,1173.81005859375
2010-10-15,80.25447845458984,1176.18994140625
2010-10-18,81.261474609375,1184.7099609375
2010-10-19,78.53057861328125,1165.9000244140625
2010-10-20,79.12226104736328,1178.1700439453125
2010-10-21,79.55467987060547,1180.260009765625
2010-10-22,79.463623046875,1183.0799560546875
2010-10-25,79.56035614013672,1185.6199951171875
2010-10-26,80.03257751464844,1185.6400146484375
2010-10-27,80.4649429321289,1182.449951171875
2010-10-28,80.16342163085938,1183.780029296875
2010-10-29,81.69956970214844,1183.260009765625
2010-11-01,81.54025268554688,1184.3800048828125
2010-11-02,81.83609771728516,1193.5699462890625
2010-11-03,82.02386474609375,1197.9599609375
2010-11-04,83.5145034790039,1221.06005859375
2010-11-05,83.58842468261719,1225.8499755859375
2010-11-08,83.69700622558594,1223.25
2010-11-09,83.51414489746094,1213.4000244140625
2010-11-10,83.74845123291016,1218.7099609375
2010-11-11,83.1084213256836,1213.5400390625
2010-11-12,82.14263916015625,1199.2099609375
2010-11-15,82.0854721069336,1197.75
2010-11-16,81.28544616699219,1178.3399658203125
2010-11-17,81.11971282958984,1178.5899658203125
2010-11-18,82.49691009521484,1196.68994140625
2010-11-19,82.89124298095703,1199.72998046875
2010-11-22,83.08553314208984,1197.8399658203125
2010-11-23,81.82259368896484,1180.72998046875
2010-11-24,83.3255844116211,1198.3499755859375
2010-11-26,82.23406982421875,1189.4000244140625
2010-11-29,81.65690612792969,1187.760009765625
2010-11-30,80.83967590332031,1180.550048828125
2010-12-01,82.52550506591797,1206.0699462890625
2010-12-02,82.96553039550781,1221.530029296875
2010-12-03,83.079833984375,1224.7099609375
2010-12-06,82.85697937011719,1223.1199951171875
2010-12-07,82.30259704589844,1223.75
2010-12-08,82.85123443603516,1228.280029296875
2010-12-09,82.46265411376953,1233.0
2010-12-10,82.75981140136719,1240.4000244140625
2010-12-13,82.45121765136719,1240.4599609375
2010-12-14,83.33126831054688,1241.5899658203125
2010-12-15,82.70263671875,1235.22998046875
2010-12-16,82.60552978515625,1242.8699951171875
2010-12-17,82.86265563964844,1243.9100341796875
2010-12-20,82.58264923095703,1247.0799560546875
2010-12-21,83.2855453491211,1254.5999755859375
2010-12-22,83.40560913085938,1258.8399658203125
2010-12-23,83.37129211425781,1256.77001953125
2010-12-27,83.0569839477539,1257.5400390625
2010-12-28,83.26842498779297,1258.510009765625
2010-12-29,83.7313003540039,1259.780029296875
2010-12-30,83.81700897216797,1257.8800048828125
2010-12-31,83.86842346191406,1257.6400146484375
2011-01-03,84.27991485595703,1271.8699951171875
2011-01-04,84.3713607788086,1270.199951171875
2011-01-05,84.03417205810547,1276.56005859375
2011-01-06,84.95426177978516,1273.8499755859375
2011-01-07,84.53706359863281,1271.5
2011-01-10,84.3713607788086,1269.75
2011-01-11,84.16561889648438,1274.47998046875
2011-01-12,85.20569610595703,1285.9599609375
2011-01-13,85.0456771850586,1283.760009765625
2011-01-14,85.72000122070312,1293.239990234375
2011-01-18,86.09144592285156,1295.02001953125
2011-01-19,88.97163391113281,1281.9200439453125
2011-01-20,89.03450012207031,1280.260009765625
2011-01-21,88.8630599975586,1283.3499755859375
2011-01-24,91.22319793701172,1290.8399658203125
2011-01-25,92.25760650634766,1291.1800537109375
2011-01-26,92.02897644042969,1296.6300048828125
2011-01-27,92.04615783691406,1299.5400390625
2011-01-28,90.98318481445312,1276.3399658203125
2011-01-31,92.57760620117188,1286.1199951171875
2011-02-01,93.4691162109375,1307.5899658203125
2011-02-02,93.32049560546875,1304.030029296875
2011-02-03,93.45191192626953,1307.0999755859375
2011-02-04,93.72051239013672,1310.8699951171875
2011-02-07,94.18916320800781,1319.050048828125
2011-02-08,95.26775360107422,1324.5699462890625
2011-02-09,94.46454620361328,1320.8800048828125
2011-02-10,94.14325714111328,1321.8699951171875
2011-02-11,94.00556182861328,1329.1500244140625
2011-02-14,93.64408874511719,1332.3199462890625
2011-02-15,93.42609405517578,1328.010009765625
2011-02-16,93.74735260009766,1336.3199462890625
2011-02-17,94.22930145263672,1340.4300537109375
2011-02-18,94.5735092163086,1343.010009765625
2011-02-22,92.91547393798828,1315.43994140625
2011-02-23,91.89994812011719,1307.4000244140625
2011-02-24,92.23848724365234,1306.0999755859375
2011-02-25,93.10477447509766,1319.8800048828125
2011-02-28,92.87528228759766,1327.219970703125
2011-03-01,91.77950286865234,1306.3299560546875
2011-03-02,91.88848876953125,1308.43994140625
2011-03-03,93.79325103759766,1330.969970703125
2011-03-04,92.84660339355469,1321.1500244140625
2011-03-07,91.75651550292969,1310.1300048828125
2011-03-08,93.10477447509766,1321.8199462890625
2011-03-09,95.15872192382812,1320.02001953125
2011-03-10,92.95561981201172,1295.1099853515625
2011-03-11,93.19083404541016,1304.280029296875
2011-03-14,92.59417724609375,1296.3900146484375
2011-03-15,91.23445129394531,1281.8699951171875
2011-03-16,87.78055572509766,1256.8800048828125
2011-03-17,88.45758819580078,1273.719970703125
2011-03-18,89.43866729736328,1279.2099609375
2011-03-21,90.46561431884766,1298.3800048828125
2011-03-22,90.64926147460938,1293.77001953125
2011-03-23,91.52703094482422,1297.5400390625
2011-03-24,91.81962585449219,1309.6600341796875
2011-03-25,93.04743957519531,1313.800048828125
2011-03-28,92.58268737792969,1310.18994140625
2011-03-29,93.44902801513672,1319.43994140625
2011-03-30,93.86215209960938,1328.260009765625
2011-03-31,93.55805969238281,1325.8299560546875
2011-04-01,94.24649047851562,1332.4100341796875
2011-04-04,94.23500061035156,1332.8699951171875
2011-04-05,94.08589935302734,1332.6300048828125
2011-04-06,94.11453247070312,1335.5400390625
2011-04-07,94.30964660644531,1333.510009765625
2011-04-08,94.12030029296875,1328.1700439453125
2011-04-11,94.06292724609375,1324.4599609375
2011-04-12,93.66130828857422,1314.1600341796875
2011-04-13,94.06292724609375,1314.4100341796875
2011-04-14,94.64810180664062,1314.52001953125
2011-04-15,95.35955047607422,1319.6800537109375
2011-04-18,95.20462036132812,1305.1400146484375
2011-04-19,94.8947982788086,1312.6199951171875
2011-04-20,94.52188110351562,1330.3599853515625
2011-04-21,96.54714965820312,1337.3800048828125
2011-04-25,96.19721221923828,1335.25
2011-04-26,96.66765594482422,1347.239990234375
2011-04-27,97.7462387084961,1355.6600341796875
2011-04-28,97.9814682006836,1360.47998046875
2011-04-29,97.86677551269531,1363.6099853515625
2011-05-02,98.76749420166016,1361.219970703125
2011-05-03,99.18058776855469,1356.6199951171875
2011-05-04,97.88971710205078,1347.3199462890625
2011-05-05,96.65047454833984,1335.0999755859375
2011-05-06,97.33045196533203,1340.199951171875
2011-05-09,97.45149993896484,1346.2900390625
2011-05-10,98.18914794921875,1357.1600341796875
2011-05-11,97.68201446533203,1342.0799560546875
2011-05-12,99.26104736328125,1348.6500244140625
2011-05-13,97.92403411865234,1337.77001953125
2011-05-16,97.31314086914062,1329.469970703125
2011-05-17,98.25831604003906,1328.97998046875
2011-05-18,98.22369384765625,1340.6800537109375
2011-05-19,98.3101806640625,1343.5999755859375
2011-05-20,98.0624008178711,1333.27001953125
2011-05-23,96.9674072265625,1317.3699951171875
2011-05-24,96.81177520751953,1316.280029296875
2011-05-25,96.67346954345703,1320.469970703125
2011-05-26,96.34498596191406,1325.68994140625
2011-05-27,96.52940368652344,1331.0999755859375
2011-05-31,97.35354614257812,1345.199951171875
2011-06-01,95.98772430419922,1314.550048828125
2011-06-02,95.71688842773438,1312.93994140625
2011-06-03,95.11748504638672,1300.1600341796875
2011-06-06,94.94458770751953,1286.1700439453125
2011-06-07,94.333740234375,1284.93994140625
2011-06-08,94.7083511352539,1279.56005859375
2011-06-09,94.99649047851562,1289.0
2011-06-10,94.0398178100586,1270.97998046875
2011-06-13,94.03408813476562,1271.8299560546875
2011-06-14,94.58153533935547,1287.8699951171875
2011-06-15,93.5499496459961,1265.4200439453125
2011-06-16,93.74589538574219,1267.6400146484375
2011-06-17,94.7659683227539,1271.5
2011-06-20,95.10018157958984,1278.3599853515625
2011-06-21,95.79177856445312,1295.52001953125
2011-06-22,95.4805679321289,1287.1400146484375
2011-06-23,95.73413848876953,1283.5
2011-06-24,95.12901306152344,1268.449951171875
2011-06-27,96.59856414794922,1280.0999755859375
2011-06-28,97.97588348388672,1296.6700439453125
2011-06-29,98.2813949584961,1307.4100341796875
2011-06-30,98.8633804321289,1320.6400146484375
2011-07-01,100.58653259277344,1339.6700439453125
2011-07-05,101.09943389892578,1337.8800048828125
2011-07-06,102.41336822509766,1339.219970703125
2011-07-07,101.70450592041016,1353.219970703125
2011-07-08,101.71028137207031,1343.800048828125
2011-07-11,100.84587097167969,1319.489990234375
2011-07-12,100.30419158935547,1313.6400146484375
2011-07-13,100.45970916748047,1317.719970703125
2011-07-14,100.40789794921875,1308.8699951171875
2011-07-15,101.162841796875,1316.1400146484375
2011-07-18,101.01300811767578,1305.43994140625
2011-07-19,106.7356185913086,1326.72998046875
2011-07-20,105.83656311035156,1325.8399658203125
2011-07-21,106.55694580078125,1343.800048828125
2011-07-22,106.71831512451172,1345.02001953125
2011-07-25,105.86539459228516,1337.4300537109375
2011-07-26,105.42167663574219,1331.93994140625
2011-07-27,104.5111083984375,1304.8900146484375
2011-07-28,104.77043151855469,1300.6700439453125
2011-07-29,104.79925537109375,1292.280029296875
2011-08-01,104.16532135009766,1286.93994140625
2011-08-02,102.60932922363281,1254.050048828125
2011-08-03,103.058837890625,1260.3399658203125
2011-08-04,98.82308959960938,1200.0699462890625
2011-08-05,99.68753051757812,1199.3800048828125
2011-08-08,96.20891571044922,1119.4599609375
2011-08-09,98.74984741210938,1172.530029296875
2011-08-10,94.07890319824219,1120.760009765625
2011-08-11,96.50408172607422,1172.6400146484375
2011-08-12,97.35494232177734,1178.81005859375
2011-08-15,100.12740325927734,1204.489990234375
2011-08-16,99.11449432373047,1192.760009765625
2011-08-17,99.25343322753906,1193.8900146484375
2011-08-18,94.8255386352539,1140.6500244140625
2011-08-19,91.18486022949219,1123.530029296875
2011-08-22,92.01835632324219,1123.8199462890625
2011-08-23,95.1091537475586,1162.3499755859375
2011-08-24,96.52146911621094,1177.5999755859375
2011-08-25,95.83845520019531,1159.27001953125
2011-08-26,97.8990249633789,1176.800048828125
2011-08-29,99.91326141357422,1210.0799560546875
2011-08-30,99.84961700439453,1212.9200439453125
2011-08-31,99.50228118896484,1218.8900146484375
2011-09-01,98.58781433105469,1204.4200439453125
2011-09-02,96.64881134033203,1173.969970703125
2011-09-06,95.5664291381836,1165.239990234375
2011-09-07,96.83978271484375,1198.6199951171875
2011-09-08,95.6474609375,1185.9000244140625
2011-09-09,93.40168762207031,1154.22998046875
2011-09-12,94.00942993164062,1162.27001953125
2011-09-13,94.5940170288086,1172.8699951171875
2011-09-14,96.79927062988281,1188.6800537109375
2011-09-15,98.44886016845703,1209.1099853515625
2011-09-16,100.12740325927734,1216.010009765625
2011-09-19,100.20841979980469,1204.0899658203125
2011-09-20,101.12873077392578,1202.0899658203125
2011-09-21,100.14481353759766,1166.760009765625
2011-09-22,97.59806060791016,1129.56005859375
2011-09-23,98.01477813720703,1136.4300537109375
2011-09-26,101.00718688964844,1162.949951171875
2011-09-27,102.85934448242188,1175.3800048828125
2011-09-28,102.76675415039062,1151.06005859375
2011-09-29,103.70442962646484,1160.4000244140625
2011-09-30,101.21556854248047,1131.4200439453125
2011-10-03,100.30105590820312,1099.22998046875
2011-10-04,101.14030456542969,1123.949951171875
2011-10-05,102.3615951538086,1144.030029296875
2011-10-06,105.16300964355469,1164.969970703125
2011-10-07,105.56816101074219,1155.4599609375
2011-10-10,108.01651763916016,1194.8900146484375
2011-10-11,107.0788345336914,1195.5400390625
2011-10-12,107.72709655761719,1207.25
2011-10-13,108.13226318359375,1203.6600341796875
2011-10-14,110.27964782714844,1224.5799560546875
2011-10-17,107.9991683959961,1200.8599853515625
2011-10-18,103.54813385009766,1225.3800048828125
2011-10-19,102.67415618896484,1209.8800048828125
2011-10-20,102.59310913085938,1215.3900146484375
2011-10-21,105.12825775146484,1238.25
2011-10-24,105.4871597290039,1254.18994140625
2011-10-25,104.39319610595703,1229.050048828125
2011-10-26,105.32508087158203,1242.0
2011-10-27,107.58818054199219,1284.5899658203125
2011-10-28,108.49691772460938,1285.0899658203125
2011-10-31,106.8646240234375,1253.300048828125
2011-11-01,104.96621704101562,1218.280029296875
2011-11-02,106.45372772216797,1237.9000244140625
2011-11-03,108.41009521484375,1261.1500244140625
2011-11-04,107.8775863647461,1253.22998046875
2011-11-07,108.421630859375,1261.1199951171875
2011-11-08,108.81684112548828,1275.9200439453125
2011-11-09,105.90536499023438,1229.0999755859375
2011-11-10,106.55045318603516,1239.699951171875
2011-11-11,108.89237213134766,1263.8499755859375
2011-11-14,108.87493133544922,1251.780029296875
2011-11-15,109.68852233886719,1257.81005859375
2011-11-16,108.45073699951172,1236.9100341796875
2011-11-17,107.93350982666016,1216.1300048828125
2011-11-18,107.64875030517578,1215.6500244140625
2011-11-21,105.46371459960938,1192.97998046875
2011-11-22,105.36492156982422,1188.0400390625
2011-11-23,103.41230773925781,1161.7900390625
2011-11-25,102.89510345458984,1158.6700439453125
2011-11-28,105.88793182373047,1192.550048828125
2011-11-29,105.14990997314453,1195.18994140625
2011-11-30,109.25273132324219,1246.9599609375
2011-12-01,110.09532928466797,1244.5799560546875
2011-12-02,110.21739196777344,1244.280029296875
2011-12-05,110.90308380126953,1257.0799560546875
2011-12-06,112.12346649169922,1258.469970703125
2011-12-07,112.7685317993164,1261.010009765625
2011-12-08,111.3331527709961,1234.3499755859375
2011-12-09,113.06493377685547,1255.18994140625
2011-12-12,111.68181610107422,1236.469970703125
2011-12-13,111.08324432373047,1225.72998046875
2011-12-14,109.67109680175781,1211.8199462890625
2011-12-15,108.95049285888672,1215.75
2011-12-16,106.67828369140625,1219.6600341796875
2011-12-19,106.28311920166016,1205.3499755859375
2011-12-20,108.81106567382812,1241.300048828125
2011-12-21,105.45789337158203,1243.719970703125
2011-12-22,105.78914642333984,1254.0
2011-12-23,107.36402130126953,1265.3299560546875
2011-12-27,107.48021697998047,1265.4300537109375
2011-12-28,106.92237091064453,1249.6400146484375
2011-12-29,108.19502258300781,1263.02001953125
2011-12-30,106.85844421386719,1257.5999755859375
2012-01-03,108.26478576660156,1277.06005859375
2012-01-04,107.8231430053711,1277.300048828125
2012-01-05,107.31171417236328,1281.06005859375
2012-01-06,106.07971954345703,1277.81005859375
2012-01-09,105.52761840820312,1280.699951171875
2012-01-10,105.36492156982422,1292.0799560546875
2012-01-11,105.95186614990234,1292.47998046875
2012-01-12,104.92327880859375,1295.5
2012-01-13,104.11549377441406,1289.0899658203125
2012-01-17,104.60367584228516,1293.6700439453125
2012-01-18,105.22542572021484,1308.0400390625
2012-01-19,104.90584564208984,1314.5
2012-01-20,109.55482482910156,1315.3800048828125
2012-01-23,110.40330505371094,1316.0
2012-01-24,111.5365219116211,1314.6500244140625
2012-01-25,111.4203109741211,1326.06005859375
2012-01-26,110.98448181152344,1318.4300537109375
2012-01-27,110.68228912353516,1316.3299560546875
2012-01-30,111.8677749633789,1313.010009765625
2012-01-31,111.92586517333984,1312.4100341796875
2012-02-01,111.9375228881836,1324.0899658203125
2012-02-02,111.3041000366211,1325.5400390625
2012-02-03,112.5302505493164,1344.9000244140625
2012-02-06,112.05375671386719,1344.3299560546875
2012-02-07,112.36170959472656,1347.050048828125
2012-02-08,112.56592559814453,1349.9599609375
2012-02-09,112.67094421386719,1351.949951171875
2012-02-10,112.2566909790039,1342.6400146484375
2012-02-13,112.37337493896484,1351.77001953125
2012-02-14,112.14006042480469,1350.5
2012-02-15,112.1575698852539,1343.22998046875
2012-02-16,112.6067886352539,1358.0400390625
2012-02-17,112.84010314941406,1361.22998046875
2012-02-21,112.82263946533203,1362.2099609375
2012-02-22,113.10263061523438,1357.6600341796875
2012-02-23,115.2845687866211,1363.4599609375
2012-02-24,115.37203216552734,1365.739990234375
2012-02-27,115.2378921508789,1367.5899658203125
2012-02-28,115.50041961669922,1372.1800537109375
2012-02-29,114.77117156982422,1365.6800537109375
2012-03-01,115.2378921508789,1374.0899658203125
2012-03-02,115.984619140625,1369.6300048828125
2012-03-05,117.06389617919922,1364.3299560546875
2012-03-06,115.08036041259766,1343.3599853515625
2012-03-07,115.3779067993164,1352.6300048828125
2012-03-08,116.56804656982422,1365.9100341796875
2012-03-09,117.04054260253906,1370.8699951171875
2012-03-12,117.26227569580078,1371.0899658203125
2012-03-13,118.88408660888672,1395.949951171875
2012-03-14,119.4324722290039,1394.280029296875
2012-03-15,120.1792221069336,1402.5999755859375
2012-03-16,120.18505859375,1404.1700439453125
2012-03-19,120.01582336425781,1409.75
2012-03-20,119.1583251953125,1405.52001953125
2012-03-21,119.41496276855469,1402.8900146484375
2012-03-22,119.8816909790039,1392.780029296875
2012-03-23,119.87586212158203,1397.1099853515625
2012-03-26,121.21185302734375,1416.510009765625
2012-03-27,120.86763000488281,1412.52001953125
2012-03-28,120.93180084228516,1405.5400390625
2012-03-29,121.50357055664062,1403.280029296875
2012-03-30,121.72521209716797,1408.469970703125
2012-04-02,122.20365905761719,1419.0400390625
2012-04-03,122.22109985351562,1413.3800048828125
2012-04-04,120.20836639404297,1398.9599609375
2012-04-05,119.8700180053711,1398.0799560546875
2012-04-09,119.56080627441406,1382.199951171875
2012-04-10,118.03817749023438,1358.5899658203125
2012-04-11,118.18402099609375,1368.7099609375
2012-04-12,119.78252410888672,1387.5699462890625
2012-04-13,118.3123779296875,1370.260009765625
2012-04-16,118.26570129394531,1369.5699462890625
2012-04-17,121.025146484375,1390.780029296875
2012-04-18,116.75472259521484,1385.1400146484375
2012-04-19,116.39299774169922,1376.9200439453125
2012-04-20,116.44551849365234,1378.530029296875
2012-04-23,115.87379455566406,1366.93994140625
2012-04-24,116.6788101196289,1371.969970703125
2012-04-25,118.76158905029297,1390.68994140625
2012-04-26,119.9342041015625,1399.97998046875
2012-04-27,120.65177917480469,1403.3599853515625
2012-04-30,120.80929565429688,1397.9100341796875
2012-05-01,121.34601593017578,1405.8199462890625
2012-05-02,121.38098907470703,1402.31005859375
2012-05-03,120.90263366699219,1391.5699462890625
2012-05-04,119.59001159667969,1369.0999755859375
2012-05-07,118.86658477783203,1369.5799560546875
2012-05-08,118.0346908569336,1363.719970703125
2012-05-09,117.88824462890625,1354.5799560546875
2012-05-10,117.5191879272461,1357.989990234375
2012-05-11,117.85308837890625,1353.3900146484375
2012-05-14,116.83961486816406,1338.3499755859375
2012-05-15,116.6052474975586,1330.6600341796875
2012-05-16,117.00949096679688,1324.800048828125
2012-05-17,115.93152618408203,1304.8599853515625
2012-05-18,114.75403594970703,1295.219970703125
2012-05-21,115.85540008544922,1315.989990234375
2012-05-22,115.30470275878906,1316.6300048828125
2012-05-23,114.89461517333984,1318.8599853515625
2012-05-24,114.87699890136719,1320.6800537109375
2012-05-25,113.82839965820312,1317.8199462890625
2012-05-29,115.09378814697266,1332.4200439453125
2012-05-30,113.96308898925781,1313.3199462890625
2012-05-31,113.0082015991211,1310.3299560546875
2012-06-01,110.77030944824219,1278.0400390625
2012-06-04,110.45393371582031,1278.1800537109375
2012-06-05,110.8405990600586,1285.5
2012-06-06,113.64682006835938,1315.1300048828125
2012-06-07,113.91044616699219,1314.989990234375
2012-06-08,114.32048797607422,1325.6600341796875
2012-06-11,112.7797622680664,1308.9300537109375
2012-06-12,113.9748764038086,1324.1800537109375
2012-06-13,113.12532043457031,1314.8800048828125
2012-06-14,114.29705810546875,1329.0999755859375
2012-06-15,116.64037322998047,1342.8399658203125
2012-06-18,116.16587829589844,1344.780029296875
2012-06-19,116.54080963134766,1357.97998046875
2012-06-20,116.45294952392578,1355.68994140625
2012-06-21,113.29528045654297,1325.510009765625
2012-06-22,113.47687530517578,1335.02001953125
2012-06-25,112.98479461669922,1313.719970703125
2012-06-26,112.45166015625,1319.989990234375
2012-06-27,113.06674194335938,1331.8499755859375
2012-06-28,112.12947845458984,1329.0400390625
2012-06-29,114.57823944091797,1362.1600341796875
2012-07-02,114.72467803955078,1365.510009765625
2012-07-03,114.78331756591797,1374.02001953125
2012-07-05,114.4083480834961,1367.5799560546875
2012-07-06,112.13533020019531,1354.6800537109375
2012-07-09,111.1159896850586,1352.4599609375
2012-07-10,109.11821746826172,1341.469970703125
2012-07-11,108.52655792236328,1341.449951171875
2012-07-12,107.26114654541016,1334.760009765625
2012-07-13,108.97177124023438,1356.780029296875
2012-07-16,108.2570571899414,1353.6400146484375
2012-07-17,107.5892333984375,1363.6700439453125
2012-07-18,110.28409576416016,1372.780029296875
2012-07-19,114.43767547607422,1376.510009765625
2012-07-20,112.74458312988281,1362.6600341796875
2012-07-23,111.79553985595703,1350.52001953125
2012-07-24,111.5084457397461,1338.31005859375
2012-07-25,111.94200134277344,1337.8900146484375
2012-07-26,113.62332153320312,1360.02001953125
2012-07-27,115.05278015136719,1385.969970703125
2012-07-30,115.22269439697266,1385.300048828125
2012-07-31,114.8125991821289,1379.3199462890625
2012-08-01,114.34392547607422,1375.3199462890625
2012-08-02,113.91626739501953,1365.0
2012-08-03,116.30064392089844,1390.989990234375
2012-08-06,116.44120025634766,1394.22998046875
2012-08-07,117.12667083740234,1401.3499755859375
2012-08-08,117.09719848632812,1402.219970703125
2012-08-09,116.73832702636719,1402.800048828125
2012-08-10,117.25016784667969,1405.8699951171875
2012-08-13,117.08547973632812,1404.1099853515625
2012-08-14,116.66187286376953,1403.9300537109375
2012-08-15,116.72660064697266,1405.530029296875
2012-08-16,118.1621322631836,1415.510009765625
2012-08-17,118.38571166992188,1418.1600341796875
2012-08-20,117.96208190917969,1418.1300048828125
2012-08-21,116.87369537353516,1413.1700439453125
2012-08-22,116.05000305175781,1413.489990234375
2012-08-23,115.1380615234375,1402.0799560546875
2012-08-24,116.35595703125,1411.1300048828125
2012-08-27,115.1321792602539,1410.43994140625
2012-08-28,114.64971923828125,1409.300048828125
2012-08-29,114.7732925415039,1410.489990234375
2012-08-30,113.7672348022461,1399.47998046875
2012-08-31,114.6379623413086,1406.5799560546875
2012-09-04,114.45559692382812,1404.93994140625
2012-09-05,114.74971008300781,1403.43994140625
2012-09-06,117.13837432861328,1432.1199951171875
2012-09-07,117.37374877929688,1437.9200439453125
2012-09-10,118.22686004638672,1429.0799560546875
2012-09-11,119.59176635742188,1433.56005859375
2012-09-12,119.88594818115234,1436.56005859375
2012-09-13,121.40975952148438,1459.989990234375
2012-09-14,121.67451477050781,1465.77001953125
2012-09-17,121.87451171875,1461.18994140625
2012-09-18,121.8274917602539,1459.3199462890625
2012-09-19,121.4509506225586,1461.050048828125
2012-09-20,121.30388641357422,1460.260009765625
2012-09-21,121.18621063232422,1460.1500244140625
2012-09-24,120.78022766113281,1456.8900146484375
2012-09-25,120.59783935546875,1441.5899658203125
2012-09-26,120.02129364013672,1433.3199462890625
2012-09-27,121.14501190185547,1447.1500244140625
2012-09-28,122.05109405517578,1440.6700439453125
2012-10-01,123.82781982421875,1444.489990234375
2012-10-02,123.45719909667969,1445.75
2012-10-03,123.85140991210938,1450.989990234375
2012-10-04,123.7807846069336,1461.4000244140625
2012-10-05,123.89846801757812,1460.9300537109375
2012-10-08,123.44540405273438,1455.8800048828125
2012-10-09,122.3687973022461,1441.47998046875
2012-10-10,121.09208679199219,1432.56005859375
2012-10-11,121.05674743652344,1432.8399658203125
2012-10-12,122.25698852539062,1428.5899658203125
2012-10-15,122.92181396484375,1440.1300048828125
2012-10-16,124.13966369628906,1454.9200439453125
2012-10-17,118.03855895996094,1460.9100341796875
2012-10-18,114.70268249511719,1457.3399658203125
2012-10-19,113.76136016845703,1433.18994140625
2012-10-22,114.37327575683594,1433.8199462890625
2012-10-23,112.51995849609375,1413.1099853515625
2012-10-24,112.20816802978516,1408.75
2012-10-25,112.72583770751953,1412.969970703125
2012-10-26,113.70841979980469,1411.93994140625
2012-10-31,114.44966125488281,1412.1600341796875
2012-11-01,115.99115753173828,1427.5899658203125
2012-11-02,113.80253601074219,1414.199951171875
2012-11-05,114.22023010253906,1417.260009765625
2012-11-06,114.76741027832031,1428.3900146484375
2012-11-07,112.95924377441406,1394.530029296875
2012-11-08,112.33282470703125,1377.510009765625
2012-11-09,112.06099700927734,1379.8499755859375
2012-11-12,111.83057403564453,1380.030029296875
2012-11-13,111.281005859375,1374.530029296875
2012-11-14,109.62055969238281,1355.489990234375
2012-11-15,109.82147216796875,1353.3299560546875
2012-11-16,110.46553802490234,1359.8800048828125
2012-11-19,112.48058319091797,1386.8900146484375
2012-11-20,111.80097961425781,1387.81005859375
2012-11-21,112.44511413574219,1391.030029296875
2012-11-23,114.33605194091797,1409.1500244140625
2012-11-26,113.9755859375,1406.2900390625
2012-11-27,113.00054168701172,1398.93994140625
2012-11-28,113.44377899169922,1409.9300537109375
2012-11-29,113.1778564453125,1415.949951171875
2012-11-30,112.31513977050781,1416.1800537109375
2012-12-03,111.96646881103516,1409.4599609375
2012-12-04,111.89557647705078,1407.050048828125
2012-12-05,111.47601318359375,1409.280029296875
2012-12-06,112.09649658203125,1413.93994140625
2012-12-07,113.42601013183594,1418.0699462890625
2012-12-10,113.82194519042969,1418.550048828125
2012-12-11,114.7555923461914,1427.8399658203125
2012-12-12,114.01697540283203,1428.47998046875
2012-12-13,113.4496841430664,1419.449951171875
2012-12-14,113.31377410888672,1413.5799560546875
2012-12-17,114.41283416748047,1430.3599853515625
2012-12-18,115.63605499267578,1446.7900390625
2012-12-19,115.2756118774414,1435.81005859375
2012-12-20,115.0923843383789,1443.68994140625
2012-12-21,114.29466247558594,1430.1500244140625
2012-12-24,113.69198608398438,1426.6600341796875
2012-12-26,113.42601013183594,1419.8299560546875
2012-12-27,113.87509155273438,1418.0999755859375
2012-12-28,112.17329406738281,1402.4300537109375
2012-12-31,113.18968200683594,1426.18994140625
2013-01-02,116.0260238647461,1462.4200439453125
2013-01-03,115.38787078857422,1459.3699951171875
2013-01-04,114.63151550292969,1466.469970703125
2013-01-07,114.12921905517578,1461.8900146484375
2013-01-08,113.96965026855469,1457.1500244140625
2013-01-09,113.64466094970703,1461.02001953125
2013-01-10,113.9755859375,1472.1199951171875
2013-01-11,114.90330505371094,1472.050048828125
2013-01-14,113.82194519042969,1470.6800537109375
2013-01-15,113.75105285644531,1472.3399658203125
2013-01-16,113.80419921875,1472.6300048828125
2013-01-17,114.43060302734375,1480.93994140625
2013-01-18,114.91509246826172,1485.97998046875
2013-01-22,115.86653137207031,1492.56005859375
2013-01-23,120.97201538085938,1494.81005859375
2013-01-24,120.79472351074219,1494.8199462890625
2013-01-25,121.11974334716797,1502.9599609375
2013-01-28,121.09610748291016,1500.1800537109375
2013-01-29,120.48746490478516,1507.8399658203125
2013-01-30,120.26287841796875,1501.9599609375
2013-01-31,119.99700164794922,1498.1099853515625
2013-02-01,121.24385833740234,1513.1700439453125
2013-02-04,120.42240142822266,1495.7099609375
2013-02-05,119.83152770996094,1511.2900390625
2013-02-06,119.28565216064453,1512.1199951171875
2013-02-07,118.52604675292969,1509.3900146484375
2013-02-08,119.67721557617188,1517.9300537109375
2013-02-11,118.7752685546875,1517.010009765625
2013-02-12,118.70403289794922,1519.4300537109375
2013-02-13,118.73375701904297,1520.3299560546875
2013-02-14,118.47267150878906,1521.3800048828125
2013-02-15,119.26187133789062,1519.7900390625
2013-02-19,118.8702163696289,1530.93994140625
2013-02-20,118.2708969116211,1511.949951171875
2013-02-21,117.68939971923828,1502.4200439453125
2013-02-22,119.3271713256836,1515.5999755859375
2013-02-25,117.2027587890625,1487.8499755859375
2013-02-26,118.1700439453125,1496.93994140625
2013-02-27,120.06295776367188,1515.989990234375
2013-02-28,119.17286682128906,1514.6800537109375
2013-03-01,120.40716552734375,1518.199951171875
2013-03-04,121.76011657714844,1525.199951171875
2013-03-05,122.5552749633789,1539.7900390625
2013-03-06,123.65303802490234,1541.4599609375
2013-03-07,124.27015686035156,1544.260009765625
2013-03-08,124.83985900878906,1551.1800537109375
2013-03-11,124.66180419921875,1556.219970703125
2013-03-12,124.94075775146484,1552.47998046875
2013-03-13,125.83674621582031,1554.52001953125
2013-03-14,128.05612182617188,1563.22998046875
2013-03-15,127.53388977050781,1560.699951171875
2013-03-18,126.5191879272461,1552.0999755859375
2013-03-19,126.6556625366211,1548.3399658203125
2013-03-20,127.61698150634766,1558.7099609375
2013-03-21,125.95548248291016,1545.800048828125
2013-03-22,125.8486099243164,1556.8900146484375
2013-03-25,125.05350494384766,1551.68994140625
2013-03-26,126.01478576660156,1563.77001953125
2013-03-27,125.14248657226562,1562.8499755859375
2013-03-28,126.57257843017578,1569.18994140625
2013-04-01,126.02661895751953,1562.1700439453125
2013-04-02,127.20160675048828,1570.25
2013-04-03,126.19281005859375,1553.68994140625
2013-04-04,125.3917007446289,1559.97998046875
2013-04-05,124.26427459716797,1553.280029296875
2013-04-08,124.21083068847656,1563.0699462890625
2013-04-09,124.15149688720703,1568.6099853515625
2013-04-10,125.80117797851562,1587.72998046875
2013-04-11,126.34708404541016,1593.3699951171875
2013-04-12,125.43323516845703,1588.8499755859375
2013-04-15,124.17525482177734,1552.3599853515625
2013-04-16,125.80117797851562,1574.5699462890625
2013-04-17,124.41851806640625,1552.010009765625
2013-04-18,122.92312622070312,1541.6099853515625
2013-04-19,112.74628448486328,1555.25
2013-04-22,111.4586410522461,1562.5
2013-04-23,113.70171356201172,1578.780029296875
2013-04-24,113.76101684570312,1578.7900390625
2013-04-25,115.0902328491211,1585.1600341796875
2013-04-26,115.30390167236328,1582.239990234375
2013-04-29,118.1759262084961,1593.6099853515625
2013-04-30,120.1875991821289,1597.5699462890625
2013-05-01,118.46077728271484,1582.699951171875
2013-05-02,120.0986099243164,1597.5899658203125
2013-05-03,121.35653686523438,1614.4200439453125
2013-05-06,120.33000183105469,1617.5
2013-05-07,120.83439636230469,1625.9599609375
2013-05-08,122.11026000976562,1632.68994140625
2013-05-09,121.16829681396484,1626.6700439453125
2013-05-10,121.90156555175781,1633.699951171875
2013-05-13,120.70917510986328,1633.77001953125
2013-05-14,121.15036010742188,1650.3399658203125
2013-05-15,121.21591186523438,1658.780029296875
2013-05-16,122.03273010253906,1650.469970703125
2013-05-17,124.26844787597656,1667.469970703125
2013-05-20,123.7676010131836,1666.2900390625
2013-05-21,124.39362335205078,1669.1600341796875
2013-05-22,123.40396118164062,1655.3499755859375
2013-05-23,122.90909576416016,1650.510009765625
2013-05-24,122.64675903320312,1649.5999755859375
2013-05-28,123.87489318847656,1660.06005859375
2013-05-29,123.95838928222656,1648.3599853515625
2013-05-30,124.81688690185547,1654.4100341796875
2013-05-31,124.01801300048828,1630.739990234375
2013-06-03,124.57244873046875,1640.4200439453125
2013-06-04,122.92697143554688,1631.3800048828125
2013-06-05,120.87014770507812,1608.9000244140625
2013-06-06,121.50211334228516,1622.56005859375
2013-06-07,123.02241516113281,1643.3800048828125
2013-06-10,122.2294692993164,1642.81005859375
2013-06-11,121.60941314697266,1626.1300048828125
2013-06-12,119.95201110839844,1612.52001953125
2013-06-13,121.48421478271484,1636.3599853515625
2013-06-14,120.5481948852539,1626.72998046875
2013-06-17,121.04904174804688,1639.0400390625
2013-06-18,122.1400146484375,1651.81005859375
2013-06-19,120.39322662353516,1628.9300537109375
2013-06-20,117.65673065185547,1588.18994140625
2013-06-21,116.52994537353516,1592.4300537109375
2013-06-24,115.38529968261719,1573.0899658203125
2013-06-25,116.24376678466797,1588.030029296875
2013-06-26,116.17223358154297,1603.260009765625
2013-06-27,116.64324188232422,1613.199951171875
2013-06-28,113.93656921386719,1606.280029296875
2013-07-01,114.03791809082031,1614.9599609375
2013-07-02,114.16902160644531,1614.0799560546875
2013-07-03,115.21235656738281,1615.4100341796875
2013-07-05,116.21397399902344,1631.8900146484375
2013-07-08,116.24376678466797,1640.4599609375
2013-07-09,114.04981231689453,1652.3199462890625
2013-07-10,114.61620330810547,1652.6199951171875
2013-07-11,114.9441146850586,1675.02001953125
2013-07-12,114.50885772705078,1680.18994140625
2013-07-15,115.65955352783203,1682.5
2013-07-16,115.57011413574219,1676.260009765625
2013-07-17,115.98741149902344,1680.9100341796875
2013-07-18,118.03829193115234,1689.3699951171875
2013-07-19,115.38529968261719,1692.0899658203125
2013-07-22,115.71324920654297,1695.530029296875
2013-07-23,116.24376678466797,1692.3900146484375
2013-07-24,117.21553802490234,1685.93994140625
2013-07-25,117.5792465209961,1690.25
2013-07-26,117.65673065185547,1691.6500244140625
2013-07-29,116.97708892822266,1685.3299560546875
2013-07-30,116.85784149169922,1685.9599609375
2013-07-31,116.2795181274414,1685.72998046875
2013-08-01,116.73861694335938,1706.8699951171875
2013-08-02,116.35108947753906,1709.6700439453125
2013-08-05,116.55379486083984,1707.1400146484375
2013-08-06,113.86498260498047,1697.3699951171875
2013-08-07,112.97824096679688,1690.9100341796875
2013-08-08,112.60076141357422,1697.47998046875
2013-08-09,112.53487396240234,1691.4200439453125
2013-08-12,113.2957534790039,1689.469970703125
2013-08-13,112.89435577392578,1694.1600341796875
2013-08-14,112.36107635498047,1685.3900146484375
2013-08-15,111.31853485107422,1661.3199462890625
2013-08-16,111.0489730834961,1655.8299560546875
2013-08-19,110.38386535644531,1646.06005859375
2013-08-20,110.58159637451172,1652.3499755859375
2013-08-21,110.76136779785156,1642.800048828125
2013-08-22,110.95906066894531,1656.9599609375
2013-08-23,111.09690856933594,1663.5
2013-08-26,110.6894302368164,1656.780029296875
2013-08-27,109.49112701416016,1630.47998046875
2013-08-28,109.14360809326172,1634.9599609375
2013-08-29,109.43119812011719,1638.1700439453125
2013-08-30,109.20954895019531,1632.969970703125
2013-09-03,110.22209167480469,1639.77001953125
2013-09-04,109.72482299804688,1653.0799560546875
2013-09-05,110.33592224121094,1655.0799560546875
2013-09-06,109.66487121582031,1655.1700439453125
2013-09-09,110.83323669433594,1671.7099609375
2013-09-10,111.80389404296875,1683.989990234375
2013-09-11,114.26049041748047,1689.1300048828125
2013-09-12,114.27841186523438,1683.4200439453125
2013-09-13,115.14120483398438,1687.989990234375
2013-09-16,115.7284164428711,1697.5999755859375
2013-09-17,115.13523864746094,1704.760009765625
2013-09-18,116.48930358886719,1725.52001953125
2013-09-19,115.87224578857422,1722.3399658203125
2013-09-20,113.85301208496094,1709.9100341796875
2013-09-23,114.43416595458984,1701.8399658203125
2013-09-24,113.82308959960938,1697.4200439453125
2013-09-25,113.52346801757812,1692.77001953125
2013-09-26,113.97285461425781,1698.6700439453125
2013-09-27,111.99561309814453,1691.75
2013-09-30,110.95307922363281,1681.550048828125
2013-10-01,111.67206573486328,1695.0
2013-10-02,110.8212890625,1693.8699951171875
2013-10-03,110.16219329833984,1678.6600341796875
2013-10-04,110.3060073852539,1690.5
2013-10-07,109.05370330810547,1676.1199951171875
2013-10-08,107.08245849609375,1655.449951171875
2013-10-09,108.64031219482422,1656.4000244140625
2013-10-10,110.70742797851562,1692.56005859375
2013-10-11,111.5402603149414,1703.199951171875
2013-10-14,112.02555847167969,1710.1400146484375
2013-10-15,110.64147186279297,1698.06005859375
2013-10-16,111.88178253173828,1721.5400390625
2013-10-17,104.75171661376953,1733.1500244140625
2013-10-18,104.12260437011719,1744.5
2013-10-21,103.57139587402344,1744.6600341796875
2013-10-22,104.83560943603516,1754.6700439453125
2013-10-23,105.31490325927734,1746.3800048828125
2013-10-24,106.53121185302734,1752.0699462890625
2013-10-25,105.96207427978516,1759.77001953125
2013-10-28,106.26163482666016,1762.1099853515625
2013-10-29,109.11962890625,1771.949951171875
2013-10-30,107.93928527832031,1763.31005859375
2013-10-31,107.37605285644531,1756.5400390625
2013-11-01,107.38803100585938,1761.6400146484375
2013-11-04,108.0112075805664,1767.9300537109375
2013-11-05,106.56120300292969,1762.969970703125
2013-11-06,107.94065856933594,1770.489990234375
2013-11-07,108.4285888671875,1747.1500244140625
2013-11-08,108.42256927490234,1770.6099853515625
2013-11-11,110.16345977783203,1771.8900146484375
2013-11-12,110.27788543701172,1767.68994140625
2013-11-13,110.56702423095703,1782.0
2013-11-14,109.75985717773438,1790.6199951171875
2013-11-15,110.35015869140625,1798.1800537109375
2013-11-18,111.1212387084961,1791.530029296875
2013-11-19,111.59107971191406,1787.8699951171875
2013-11-20,111.554931640625,1781.3699951171875
2013-11-21,110.91641235351562,1795.8499755859375
2013-11-22,109.211669921875,1804.760009765625
2013-11-25,107.7900619506836,1802.47998046875
2013-11-26,106.80818176269531,1802.75
2013-11-27,107.80810546875,1807.22998046875
2013-11-29,108.23583221435547,1805.81005859375
2013-12-02,106.91056823730469,1800.9000244140625
2013-12-03,106.0672607421875,1795.1500244140625
2013-12-04,105.8624267578125,1792.81005859375
2013-12-05,106.0672607421875,1785.030029296875
2013-12-06,107.02500915527344,1805.0899658203125
2013-12-09,106.89855194091797,1808.3699951171875
2013-12-10,106.69371795654297,1802.6199951171875
2013-12-11,105.53714752197266,1782.219970703125
2013-12-12,104.43479919433594,1775.5
2013-12-13,104.09147644042969,1775.3199462890625
2013-12-16,107.13346099853516,1786.5400390625
2013-12-17,105.87450408935547,1781.0
2013-12-18,107.6454849243164,1810.6500244140625
2013-12-19,108.56110382080078,1809.5999755859375
2013-12-20,108.44061279296875,1818.3199462890625
2013-12-23,109.7718734741211,1827.989990234375
2013-12-24,110.3682632446289,1833.3199462890625
2013-12-26,111.6513442993164,1842.02001953125
2013-12-27,111.48868560791016,1841.4000244140625
2013-12-30,112.28986358642578,1841.0699462890625
2013-12-31,112.98858642578125,1848.3599853515625
2014-01-02,111.759765625,1831.97998046875
2014-01-03,112.42839813232422,1831.3699951171875
2014-01-06,112.04287719726562,1826.77001953125
2014-01-07,114.2777099609375,1837.8800048828125
2014-01-08,113.22953033447266,1837.489990234375
2014-01-09,112.87417602539062,1838.1300048828125
2014-01-10,112.80188751220703,1842.3699951171875
2014-01-13,110.93450164794922,1819.199951171875
2014-01-14,111.99468231201172,1838.8800048828125
2014-01-15,113.09100341796875,1848.3800048828125
2014-01-16,113.70542907714844,1845.8900146484375
2014-01-17,114.50664520263672,1838.699951171875
2014-01-21,113.50668334960938,1843.800048828125
2014-01-22,109.7839584350586,1844.8599853515625
2014-01-23,110.07308197021484,1828.4599609375
2014-01-24,108.21170806884766,1790.2900390625
2014-01-27,107.16357421875,1781.56005859375
2014-01-28,106.53111267089844,1792.5
2014-01-29,106.2600326538086,1774.199951171875
2014-01-30,106.83830261230469,1794.18994140625
2014-01-31,106.42869567871094,1782.5899658203125
2014-02-03,104.15166473388672,1741.8900146484375
2014-02-04,104.11552429199219,1755.199951171875
2014-02-05,104.95886993408203,1751.6400146484375
2014-02-06,105.79471588134766,1773.4300537109375
2014-02-07,107.35738372802734,1797.02001953125
2014-02-10,107.29074096679688,1799.8399658203125
2014-02-11,108.84132385253906,1819.75
2014-02-12,109.16835021972656,1819.260009765625
2014-02-13,110.1374282836914,1829.8299560546875
2014-02-14,111.25797271728516,1838.6300048828125
2014-02-18,110.95513916015625,1840.760009765625
2014-02-19,110.80980682373047,1828.75
2014-02-20,111.60322570800781,1839.780029296875
2014-02-21,110.71288299560547,1836.25
2014-02-24,111.11260986328125,1847.6099853515625
2014-02-25,110.97933959960938,1845.1199951171875
2014-02-26,111.4820785522461,1845.1600341796875
2014-02-27,112.21498107910156,1854.2900390625
2014-02-28,112.15437316894531,1859.449951171875
2014-03-03,111.60322570800781,1845.72998046875
2014-03-04,112.92359924316406,1873.9100341796875
2014-03-05,113.34757995605469,1873.81005859375
2014-03-06,113.65042877197266,1877.030029296875
2014-03-07,113.6746826171875,1878.0400390625
2014-03-10,112.8933334350586,1877.1700439453125
2014-03-11,113.11741638183594,1867.6300048828125
2014-03-12,112.79033660888672,1868.199951171875
2014-03-13,111.38518524169922,1846.3399658203125
2014-03-14,110.3615951538086,1841.1300048828125
2014-03-17,112.54205322265625,1858.8299560546875
2014-03-18,113.14768981933594,1872.25
2014-03-19,111.87580108642578,1860.77001953125
2014-03-20,113.80793762207031,1872.010009765625
2014-03-21,113.06292724609375,1866.52001953125
2014-03-24,114.0198974609375,1857.43994140625
2014-03-25,118.13249206542969,1865.6199951171875
2014-03-26,116.66675567626953,1852.56005859375
2014-03-27,114.97689056396484,1849.0400390625
2014-03-28,115.35237121582031,1857.6199951171875
2014-03-31,116.5880126953125,1872.3399658203125
2014-04-01,117.805419921875,1885.52001953125
2014-04-02,117.23002624511719,1890.9000244140625
2014-04-03,116.70912170410156,1888.77001953125
2014-04-04,116.15187072753906,1865.0899658203125
2014-04-07,117.8175277709961,1845.0400390625
2014-04-08,117.07251739501953,1851.9599609375
2014-04-09,119.1015625,1872.1800537109375
2014-04-10,118.52011108398438,1833.0799560546875
2014-04-11,118.22339630126953,1815.68994140625
2014-04-14,119.78601837158203,1830.6099853515625
2014-04-15,119.33173370361328,1842.97998046875
2014-04-16,118.95619201660156,1862.31005859375
2014-04-17,115.0859146118164,1864.8499755859375
2014-04-21,116.45475006103516,1871.8900146484375
2014-04-22,116.3820571899414,1879.550048828125
2014-04-23,116.12765502929688,1875.3900146484375
2014-04-24,115.21309661865234,1878.6099853515625
2014-04-25,114.85575103759766,1863.4000244140625
2014-04-28,116.98168182373047,1869.4300537109375
2014-04-29,118.1749038696289,1878.3299560546875
2014-04-30,118.9986343383789,1883.949951171875
2014-05-01,117.21791076660156,1883.6800537109375
2014-05-02,115.95201110839844,1881.1400146484375
2014-05-05,115.843017578125,1884.6600341796875
2014-05-06,115.09801483154297,1867.719970703125
2014-05-07,115.32340240478516,1878.2099609375
2014-05-08,115.08583068847656,1875.6300048828125
2014-05-09,115.79859161376953,1878.47998046875
2014-05-12,117.31556701660156,1896.6500244140625
2014-05-13,117.08404541015625,1897.449951171875
2014-05-14,114.9700927734375,1888.530029296875
2014-05-15,113.5932846069336,1870.8499755859375
2014-05-16,113.95879364013672,1877.8599853515625
2014-05-19,113.92221069335938,1885.0799560546875
2014-05-20,112.6368179321289,1872.8299560546875
2014-05-21,113.55059051513672,1888.030029296875
2014-05-22,113.11811065673828,1892.489990234375
2014-05-23,113.27644348144531,1900.530029296875
2014-05-27,112.56981658935547,1911.9100341796875
2014-05-28,111.53412628173828,1909.780029296875
2014-05-29,111.94841003417969,1920.030029296875
2014-05-30,112.3139419555664,1923.5699462890625
2014-06-02,113.12416076660156,1924.969970703125
2014-06-03,112.32000732421875,1924.239990234375
2014-06-04,112.4052963256836,1927.8800048828125
2014-06-05,113.30085754394531,1940.4599609375
2014-06-06,113.5384521484375,1949.43994140625
2014-06-09,113.44703674316406,1951.27001953125
2014-06-10,112.27127838134766,1950.7900390625
2014-06-11,111.02848052978516,1943.8900146484375
2014-06-12,110.40101623535156,1930.1099853515625
2014-06-13,111.21739959716797,1936.1600341796875
2014-06-16,111.0894546508789,1937.780029296875
2014-06-17,111.03453826904297,1941.989990234375
2014-06-18,111.85093688964844,1956.97998046875
2014-06-19,111.37574005126953,1959.47998046875
2014-06-20,110.60208129882812,1962.8699951171875
2014-06-23,110.96150970458984,1962.6099853515625
2014-06-24,110.19387817382812,1949.97998046875
2014-06-25,110.09638977050781,1959.530029296875
2014-06-26,109.88319396972656,1957.219970703125
2014-06-27,110.69953155517578,1960.9599609375
2014-06-30,110.43144226074219,1960.22998046875
2014-07-01,113.52626037597656,1973.3199462890625
2014-07-02,114.7690200805664,1974.6199951171875
2014-07-03,114.85430145263672,1985.43994140625
2014-07-07,114.55581665039062,1977.6500244140625
2014-07-08,114.0562515258789,1963.7099609375
2014-07-09,114.78736114501953,1972.8299560546875
2014-07-10,114.34874725341797,1964.6800537109375
2014-07-11,114.53142547607422,1967.5699462890625
2014-07-14,115.66456604003906,1977.0999755859375
2014-07-15,114.82994842529297,1973.280029296875
2014-07-16,117.1875991821289,1981.5699462890625
2014-07-17,117.26679992675781,1958.1199951171875
2014-07-18,117.27290344238281,1978.219970703125
2014-07-21,116.26765441894531,1973.6300048828125
2014-07-22,118.24153900146484,1983.530029296875
2014-07-23,117.96126556396484,1987.010009765625
2014-07-24,118.94208526611328,1987.97998046875
2014-07-25,118.4303970336914,1978.3399658203125
2014-07-28,119.27112579345703,1978.9100341796875
2014-07-29,118.5339584350586,1969.949951171875
2014-07-30,118.18670654296875,1970.0699462890625
2014-07-31,116.7672348022461,1930.6700439453125
2014-08-01,115.23202514648438,1925.1500244140625
2014-08-04,115.53056335449219,1938.989990234375
2014-08-05,113.983154296875,1920.2099609375
2014-08-06,113.96475982666016,1920.239990234375
2014-08-07,112.9413833618164,1909.5699462890625
2014-08-08,114.36922454833984,1931.5899658203125
2014-08-11,114.88399505615234,1936.9200439453125
2014-08-12,114.80430603027344,1933.75
2014-08-13,115.1781234741211,1946.719970703125
2014-08-14,115.13524627685547,1955.1800537109375
2014-08-15,114.82884979248047,1955.06005859375
2014-08-18,116.042236328125,1971.739990234375
2014-08-19,116.4773178100586,1981.5999755859375
2014-08-20,116.49569702148438,1986.510009765625
2014-08-21,117.18817901611328,1992.3699951171875
2014-08-22,116.68566131591797,1988.4000244140625
2014-08-25,117.14527130126953,1997.9200439453125
2014-08-26,118.26671600341797,2000.02001953125
2014-08-27,117.81324768066406,2000.1199951171875
2014-08-28,117.6600570678711,1996.739990234375
2014-08-29,117.84382629394531,2003.3699951171875
2014-09-02,117.39038848876953,2002.280029296875
2014-09-03,117.62938690185547,2000.719970703125
2014-09-04,116.85113525390625,1997.6500244140625
2014-09-05,117.1697769165039,2007.7099609375
2014-09-08,116.52024841308594,2001.5400390625
2014-09-09,116.42830657958984,1988.43994140625
2014-09-10,117.37812805175781,1995.68994140625
2014-09-11,117.48846435546875,1997.449951171875
2014-09-12,117.21881103515625,1985.5400390625
2014-09-15,117.5435562133789,1984.1300048828125
2014-09-16,118.24829864501953,1998.97998046875
2014-09-17,118.15030670166016,2001.5699462890625
2014-09-18,118.73245239257812,2011.3599853515625
2014-09-19,118.88568878173828,2010.4000244140625
2014-09-22,118.34024047851562,1994.2900390625
2014-09-23,117.42716217041016,1982.77001953125
2014-09-24,117.84998321533203,1998.300048828125
2014-09-25,115.82769012451172,1965.989990234375
2014-09-26,116.47117614746094,1982.8499755859375
2014-09-29,116.21380615234375,1977.800048828125
2014-09-30,116.33023834228516,1972.2900390625
2014-10-01,114.7001953125,1946.1600341796875
2014-10-02,114.54080963134766,1946.1700439453125
2014-10-03,115.61935424804688,1967.9000244140625
2014-10-06,115.84613800048828,1964.8199462890625
2014-10-07,113.80542755126953,1935.0999755859375
2014-10-08,116.042236328125,1968.8900146484375
2014-10-09,114.24055480957031,1928.2099609375
2014-10-10,113.94026184082031,1906.1300048828125
2014-10-13,112.46337127685547,1874.739990234375
2014-10-14,112.63493347167969,1877.699951171875
2014-10-15,111.37871551513672,1862.489990234375
2014-10-16,110.20823669433594,1862.760009765625
2014-10-17,111.56253814697266,1886.760009765625
2014-10-20,103.62664794921875,1904.010009765625
2014-10-21,100.02941131591797,1941.280029296875
2014-10-22,99.14696502685547,1927.1099853515625
2014-10-23,99.38595581054688,1950.8199462890625
2014-10-24,99.32466125488281,1964.5799560546875
2014-10-27,99.19599914550781,1961.6300048828125
2014-10-28,100.25614929199219,1985.050048828125
2014-10-29,100.17036437988281,1982.300048828125
2014-10-30,100.71578216552734,1994.6500244140625
2014-10-31,100.74639892578125,2018.050048828125
2014-11-03,100.72187042236328,2017.81005859375
2014-11-04,99.67398834228516,2012.0999755859375
2014-11-05,99.16535949707031,2023.5699462890625
2014-11-06,99.6219482421875,2031.2099609375
2014-11-07,99.99830627441406,2031.9200439453125
2014-11-10,100.87444305419922,2038.260009765625
2014-11-11,100.7572250366211,2039.6800537109375
2014-11-12,99.90576171875,2038.25
2014-11-13,100.44257354736328,2039.3299560546875
2014-11-14,101.28785705566406,2039.8199462890625
2014-11-17,101.28785705566406,2041.3199462890625
2014-11-18,99.88724517822266,2051.800048828125
2014-11-19,99.6033935546875,2048.719970703125
2014-11-20,99.11600494384766,2052.75
2014-11-21,99.28873443603516,2063.5
2014-11-24,100.04766082763672,2069.409912109375
2014-11-25,99.80705261230469,2067.030029296875
2014-11-26,99.92428588867188,2072.830078125
2014-11-28,100.06001281738281,2067.56005859375
2014-12-01,99.67129516601562,2053.43994140625
2014-12-02,100.36849212646484,2066.550048828125
2014-12-03,101.50997924804688,2074.330078125
2014-12-04,101.2199935913086,2071.919921875
2014-12-05,100.73872375488281,2075.3701171875
2014-12-08,99.86874389648438,2060.31005859375
2014-12-09,100.56597137451172,2059.820068359375
2014-12-10,99.03583526611328,2026.1400146484375
2014-12-11,99.38129425048828,2035.3299560546875
2014-12-12,95.87052154541016,2002.3299560546875
2014-12-15,94.43910217285156,1989.6300048828125
2014-12-16,93.42101287841797,1972.739990234375
2014-12-17,93.7418441772461,2012.8900146484375
2014-12-18,97.2896499633789,2061.22998046875
2014-12-19,97.80178833007812,2070.64990234375
2014-12-22,99.60958862304688,2078.5400390625
2014-12-23,100.10317993164062,2082.169921875
2014-12-24,99.84407806396484,2081.8798828125
2014-12-26,100.1648941040039,2088.77001953125
2014-12-29,99.03583526611328,2090.570068359375
2014-12-30,98.75196838378906,2080.35009765625
2014-12-31,98.99258422851562,2058.89990234375
2015-01-02,99.99213409423828,2058.199951171875
2015-01-05,98.41875457763672,2020.5799560546875
2015-01-06,96.2962646484375,2002.6099853515625
2015-01-07,95.66692352294922,2025.9000244140625
2015-01-08,97.7462158203125,2062.139892578125
2015-01-09,98.17195129394531,2044.81005859375
2015-01-12,96.52455139160156,2028.260009765625
2015-01-13,96.75285339355469,2023.030029296875
2015-01-14,96.12969970703125,2011.27001953125
2015-01-15,95.37075805664062,1992.6700439453125
2015-01-16,96.95649719238281,2019.4200439453125
2015-01-20,96.83924102783203,2022.550048828125
2015-01-21,93.84059143066406,2032.1199951171875
2015-01-22,95.87669372558594,2063.14990234375
2015-01-23,96.17290496826172,2051.820068359375
2015-01-26,96.4752197265625,2057.090087890625
2015-01-27,94.8154296875,2029.550048828125
2015-01-28,93.50738525390625,2002.1600341796875
2015-01-29,95.93222045898438,2021.25
2015-01-30,94.59330749511719,1994.989990234375
2015-02-02,95.42628479003906,2020.8499755859375
2015-02-03,97.77711486816406,2050.030029296875
2015-02-04,96.84541320800781,2041.510009765625
2015-02-05,97.43155670166016,2062.52001953125
2015-02-06,97.3756332397461,2055.469970703125
2015-02-09,96.77294921875,2046.739990234375
2015-02-10,98.51890563964844,2068.590087890625
2015-02-11,98.29521179199219,2068.530029296875
2015-02-12,98.49401092529297,2088.47998046875
2015-02-13,99.66216278076172,2096.989990234375
2015-02-17,100.01009368896484,2100.340087890625
2015-02-18,100.77435302734375,2099.679931640625
2015-02-19,101.83059692382812,2097.449951171875
2015-02-20,101.6815414428711,2110.300048828125
2015-02-23,101.2217025756836,2109.659912109375
2015-02-24,102.4146728515625,2115.47998046875
2015-02-25,101.15958404541016,2113.860107421875
2015-02-26,99.95417785644531,2110.739990234375
2015-02-27,100.61897277832031,2104.5
2015-03-02,99.71186828613281,2117.389892578125
2015-03-03,100.05362701416016,2107.780029296875
2015-03-04,99.05326080322266,2098.530029296875
2015-03-05,100.14679718017578,2101.0400390625
2015-03-06,98.48162841796875,2071.260009765625
2015-03-09,99.89207458496094,2079.429931640625
2015-03-10,98.0528793334961,2044.1600341796875
2015-03-11,97.42535400390625,2040.239990234375
2015-03-12,98.15851593017578,2065.949951171875
2015-03-13,95.85958862304688,2053.39990234375
2015-03-16,97.5993423461914,2081.18994140625
2015-03-17,97.5247573852539,2074.280029296875
2015-03-18,99.29554748535156,2099.5
2015-03-19,99.29554748535156,2089.27001953125
2015-03-20,101.20306396484375,2108.10009765625
2015-03-23,102.2904281616211,2104.419921875
2015-03-24,101.27762603759766,2091.5
2015-03-25,98.91654205322266,2061.050048828125
2015-03-26,99.78022003173828,2056.14990234375
2015-03-27,99.66216278076172,2061.02001953125
2015-03-30,101.07257080078125,2086.239990234375
2015-03-31,99.72429656982422,2067.889892578125
2015-04-01,98.90412902832031,2059.68994140625
2015-04-02,99.69322204589844,2066.9599609375
2015-04-06,100.68115997314453,2080.6201171875
2015-04-07,100.69979095458984,2076.330078125
2015-04-08,100.56307220458984,2081.89990234375
2015-04-09,100.8675537109375,2091.179931640625
2015-04-10,101.1906509399414,2102.06005859375
2015-04-13,100.89240264892578,2092.429931640625
2015-04-14,100.84266662597656,2095.840087890625
2015-04-15,101.97972106933594,2106.6298828125
2015-04-16,101.35838317871094,2104.989990234375
2015-04-17,99.82991790771484,2081.179931640625
2015-04-20,103.24105072021484,2100.39990234375
2015-04-21,102.06051635742188,2097.2900390625
2015-04-22,102.74394989013672,2107.9599609375
2015-04-23,105.7761001586914,2112.929931640625
2015-04-24,105.49030303955078,2117.68994140625
2015-04-27,106.08057403564453,2108.919921875
2015-04-28,108.06260681152344,2114.760009765625
2015-04-29,108.36083221435547,2106.85009765625
2015-04-30,106.42845916748047,2085.510009765625
2015-05-01,107.90728759765625,2108.2900390625
2015-05-04,108.09365844726562,2114.489990234375
2015-05-05,107.54068756103516,2089.4599609375
2015-05-06,106.45767211914062,2080.14990234375
2015-05-07,107.04611206054688,2088.0
2015-05-08,108.10413360595703,2116.10009765625
2015-05-11,107.12751770019531,2105.330078125
2015-05-12,106.77069091796875,2099.1201171875
2015-05-13,107.85371398925781,2098.47998046875
2015-05-14,108.9618148803711,2121.10009765625
2015-05-15,108.46721649169922,2122.72998046875
2015-05-18,108.34203338623047,2129.199951171875
2015-05-19,108.6049575805664,2127.830078125
2015-05-20,108.78021240234375,2125.85009765625
2015-05-21,108.51728820800781,2130.820068359375
2015-05-22,107.81615447998047,2126.06005859375
2015-05-26,106.5077133178711,2104.199951171875
2015-05-27,107.67841339111328,2123.47998046875
2015-05-28,107.49683380126953,2120.7900390625
2015-05-29,106.20722961425781,2107.389892578125
2015-06-01,106.53900909423828,2111.72998046875
2015-06-02,106.20722961425781,2109.60009765625
2015-06-03,106.37623596191406,2114.070068359375
2015-06-04,105.41214752197266,2095.840087890625
2015-06-05,104.79866027832031,2092.830078125
2015-06-08,103.50897979736328,2079.280029296875
2015-06-09,103.72183990478516,2080.14990234375
2015-06-10,105.75018310546875,2105.199951171875
2015-06-11,105.66256713867188,2108.860107421875
2015-06-12,104.54196166992188,2094.110107421875
2015-06-15,104.08494567871094,2084.429931640625
2015-06-16,104.44805908203125,2096.2900390625
2015-06-17,104.65465545654297,2100.43994140625
2015-06-18,105.3307876586914,2121.239990234375
2015-06-19,104.54196166992188,2109.989990234375
2015-06-22,105.0052490234375,2122.85009765625
2015-06-23,105.56242370605469,2124.199951171875
2015-06-24,104.52946472167969,2108.580078125
2015-06-25,103.9722671508789,2102.31005859375
2015-06-26,103.58409881591797,2101.489990234375
2015-06-29,102.02529907226562,2057.639892578125
2015-06-30,101.83123016357422,2063.110107421875
2015-07-01,102.97686767578125,2077.419921875
2015-07-02,103.35247802734375,2076.780029296875
2015-07-06,103.12711334228516,2068.760009765625
2015-07-07,103.296142578125,2081.340087890625
2015-07-08,102.14423370361328,2046.6800537109375
2015-07-09,102.5761947631836,2051.31005859375
2015-07-10,104.51689147949219,2076.6201171875
2015-07-13,106.03816986083984,2099.60009765625
2015-07-14,105.55614471435547,2108.949951171875
2015-07-15,105.50606536865234,2107.39990234375
2015-07-16,107.0523910522461,2124.2900390625
2015-07-17,107.99769592285156,2126.639892578125
2015-07-20,108.44219970703125,2128.280029296875
2015-07-21,102.087890625,2119.2099609375
2015-07-22,100.38507080078125,2114.14990234375
2015-07-23,101.24897766113281,2102.14990234375
2015-07-24,100.00947570800781,2079.64990234375
2015-07-27,99.58373260498047,2067.639892578125
2015-07-28,100.19725799560547,2093.25
2015-07-29,100.84832763671875,2108.570068359375
2015-07-30,100.76695251464844,2108.6298828125
2015-07-31,101.41178131103516,2103.840087890625
2015-08-03,99.35839080810547,2098.0400390625
2015-08-04,98.66349029541016,2093.320068359375
2015-08-05,98.85128784179688,2099.840087890625
2015-08-06,98.67456817626953,2083.56005859375
2015-08-07,97.91706848144531,2077.570068359375
2015-08-10,98.94596099853516,2104.179931640625
2015-08-11,98.1632308959961,2084.070068359375
2015-08-12,98.57352447509766,2086.050048828125
2015-08-13,97.88550567626953,2083.389892578125
2015-08-14,98.31473541259766,2091.5400390625
2015-08-17,98.66822814941406,2102.43994140625
2015-08-18,98.47884368896484,2096.919921875
2015-08-19,97.17218780517578,2079.610107421875
2015-08-20,96.36419677734375,2035.72998046875
2015-08-21,93.95922088623047,1970.8900146484375
2015-08-24,90.56317901611328,1893.2099609375
2015-08-25,88.97876739501953,1867.6099853515625
2015-08-26,92.60206604003906,1940.510009765625
2015-08-27,93.7635498046875,1987.6600341796875
2015-08-28,93.41004180908203,1988.8699951171875
2015-08-31,93.35323333740234,1972.1800537109375
2015-09-01,90.06450653076172,1913.8499755859375
2015-09-02,91.56053924560547,1948.8599853515625
2015-09-03,92.65255737304688,1951.1300048828125
2015-09-04,90.70835876464844,1921.219970703125
2015-09-08,92.9366455078125,1969.4100341796875
2015-09-09,91.56053924560547,1942.0400390625
2015-09-10,92.28645324707031,1952.2900390625
2015-09-11,93.02499389648438,1961.050048828125
2015-09-14,91.93928527832031,1953.030029296875
2015-09-15,93.12602233886719,1978.0899658203125
2015-09-16,93.68146514892578,1995.31005859375
2015-09-17,93.51101684570312,1990.199951171875
2015-09-18,91.21967315673828,1958.030029296875
2015-09-21,92.46318817138672,1966.969970703125
2015-09-22,91.1691665649414,1942.739990234375
2015-09-23,90.68310546875,1938.760009765625
2015-09-24,91.15653991699219,1932.239990234375
2015-09-25,91.79407501220703,1931.3399658203125
2015-09-28,89.96351623535156,1881.77001953125
2015-09-29,89.93194580078125,1884.0899658203125
2015-09-30,91.51004028320312,1920.030029296875
2015-10-01,90.638916015625,1923.8199462890625
2015-10-02,91.26385498046875,1951.3599853515625
2015-10-05,94.07914733886719,1987.050048828125
2015-10-06,93.91503143310547,1979.9200439453125
2015-10-07,94.74195098876953,1995.8299560546875
2015-10-08,96.12434387207031,2013.4300537109375
2015-10-09,96.19378662109375,2014.8900146484375
2015-10-12,95.40471649169922,2017.4599609375
2015-10-13,94.44526672363281,2003.68994140625
2015-10-14,94.69144439697266,1994.239990234375
2015-10-15,94.74195098876953,2023.8599853515625
2015-10-16,94.93131256103516,2033.1099853515625
2015-10-19,94.19275665283203,2033.6600341796875
2015-10-20,88.77679443359375,2030.77001953125
2015-10-21,88.9535140991211,2018.93994140625
2015-10-22,90.9545669555664,2052.510009765625
2015-10-23,91.32701110839844,2075.14990234375
2015-10-26,90.68310546875,2071.179931640625
2015-10-27,87.02192687988281,2065.889892578125
2015-10-28,88.896728515625,2090.35009765625
2015-10-29,88.719970703125,2089.409912109375
2015-10-30,88.42330169677734,2079.360107421875
2015-11-02,88.60636901855469,2104.050048828125
2015-11-03,89.55953216552734,2109.7900390625
2015-11-04,89.40170288085938,2102.31005859375
2015-11-05,88.30339050292969,2099.929931640625
2015-11-06,88.08672332763672,2099.199951171875
2015-11-09,86.21349334716797,2078.580078125
2015-11-10,86.3154296875,2081.719970703125
2015-11-11,86.02871704101562,2075.0
2015-11-12,84.76715850830078,2045.969970703125
2015-11-13,83.94520568847656,2023.0400390625
2015-11-16,85.19403839111328,2053.18994140625
2015-11-17,85.26411437988281,2050.43994140625
2015-11-18,86.53844451904297,2083.580078125
2015-11-19,87.12464141845703,2081.239990234375
2015-11-20,88.24600982666016,2089.169921875
2015-11-23,88.22052764892578,2086.590087890625
2015-11-24,88.30972290039062,2089.139892578125
2015-11-25,87.92744445800781,2088.8701171875
2015-11-27,88.22052764892578,2090.110107421875
2015-11-30,88.8321762084961,2080.409912109375
2015-12-01,90.01730346679688,2102.6298828125
2015-12-02,89.0105972290039,2079.510009765625
2015-12-03,88.51361846923828,2049.6201171875
2015-12-04,89.47572326660156,2091.68994140625
2015-12-07,88.91502380371094,2077.070068359375
2015-12-08,87.95928192138672,2063.590087890625
2015-12-09,87.04179382324219,2047.6199951171875
2015-12-10,87.15011596679688,2052.22998046875
2015-12-11,85.74201202392578,2012.3699951171875
2015-12-14,86.60852813720703,2021.93994140625
2015-12-15,87.79363250732422,2043.4100341796875
2015-12-16,88.74938201904297,2073.070068359375
2015-12-17,87.1310043334961,2041.8900146484375
2015-12-18,85.95227813720703,2005.550048828125
2015-12-21,86.33454895019531,2021.1500244140625
2015-12-22,87.8828353881836,2038.969970703125
2015-12-23,88.27149200439453,2064.2900390625
2015-12-24,88.08672332763672,2060.989990234375
2015-12-28,87.678955078125,2056.5
2015-12-29,89.06158447265625,2078.360107421875
2015-12-30,88.78123474121094,2063.360107421875
2015-12-31,87.68531799316406,2043.93994140625
2016-01-04,86.62126922607422,2012.6600341796875
2016-01-05,86.55755615234375,2016.7099609375
2016-01-06,86.12428283691406,1990.260009765625
2016-01-07,84.65245056152344,1943.0899658203125
2016-01-08,83.86876678466797,1922.030029296875
2016-01-11,84.88822174072266,1923.6700439453125
2016-01-12,84.6779556274414,1938.6800537109375
2016-01-13,83.5756607055664,1890.280029296875
2016-01-14,84.68433380126953,1921.8399658203125
2016-01-15,82.84931945800781,1880.3299560546875
2016-01-19,81.62596893310547,1881.3299560546875
2016-01-20,77.64375305175781,1859.3299560546875
2016-01-21,78.31277465820312,1868.989990234375
2016-01-22,78.05154418945312,1906.9000244140625
2016-01-25,77.78392028808594,1877.0799560546875
2016-01-26,78.10888671875,1903.6300048828125
2016-01-27,77.07032775878906,1882.949951171875
2016-01-28,77.87313079833984,1893.3599853515625
2016-01-29,79.51062774658203,1940.239990234375
2016-02-01,79.5361099243164,1939.3800048828125
2016-02-02,78.3318862915039,1903.030029296875
2016-02-03,79.46602630615234,1912.530029296875
2016-02-04,81.33289337158203,1915.449951171875
2016-02-05,81.91908264160156,1880.050048828125
2016-02-08,81.7323989868164,1853.43994140625
2016-02-09,79.85933685302734,1852.2099609375
2016-02-10,77.36192321777344,1851.8599853515625
2016-02-11,75.85575103759766,1829.0799560546875
2016-02-12,77.90904235839844,1864.780029296875
2016-02-16,79.00325012207031,1895.5799560546875
2016-02-17,81.16595458984375,1926.8199462890625
2016-02-18,85.25324249267578,1917.8299560546875
2016-02-19,85.65876007080078,1917.780029296875
2016-02-22,86.10289001464844,1945.5
2016-02-23,85.22105407714844,1921.27001953125
2016-02-24,85.47853088378906,1929.800048828125
2016-02-25,86.57275390625,1951.699951171875
2016-02-26,84.98291015625,1948.050048828125
2016-02-29,84.33924865722656,1932.22998046875
2016-03-01,86.48907470703125,1978.3499755859375
2016-03-02,87.73133087158203,1986.449951171875
2016-03-03,88.69684600830078,1993.4000244140625
2016-03-04,88.69684600830078,1999.989990234375
2016-03-07,90.20945739746094,2001.760009765625
2016-03-08,89.51428985595703,1979.260009765625
2016-03-09,90.37679290771484,1989.260009765625
2016-03-10,90.23521423339844,1989.5699462890625
2016-03-11,91.63194274902344,2022.18994140625
2016-03-14,91.90226745605469,2019.6400146484375
2016-03-15,92.01812744140625,2015.9300537109375
2016-03-16,93.19606018066406,2027.219970703125
2016-03-17,94.6443099975586,2040.5899658203125
2016-03-18,94.67646789550781,2049.580078125
2016-03-21,95.66771697998047,2051.60009765625
2016-03-22,95.32656860351562,2049.800048828125
2016-03-23,93.58868408203125,2036.7099609375
2016-03-24,95.23001861572266,2035.93994140625
2016-03-28,95.5196762084961,2037.050048828125
2016-03-29,96.11827850341797,2055.010009765625
2016-03-30,95.52610778808594,2063.949951171875
2016-03-31,97.48284912109375,2059.739990234375
2016-04-01,98.17154693603516,2072.780029296875
2016-04-04,97.88191986083984,2066.1298828125
2016-04-05,96.54953002929688,2045.1700439453125
2016-04-06,96.5623779296875,2066.659912109375
2016-04-07,95.42312622070312,2041.9100341796875
2016-04-08,96.13117218017578,2047.5999755859375
2016-04-11,96.0667724609375,2041.989990234375
2016-04-12,96.31138610839844,2061.719970703125
2016-04-13,97.34123992919922,2082.419921875
2016-04-14,97.29617309570312,2082.780029296875
2016-04-15,97.65664672851562,2080.72998046875
2016-04-18,98.177978515625,2094.340087890625
2016-04-19,92.68756103515625,2100.800048828125
2016-04-20,94.04566955566406,2102.39990234375
2016-04-21,96.0989761352539,2091.47998046875
2016-04-22,95.58404541015625,2091.580078125
2016-04-25,95.78357696533203,2087.7900390625
2016-04-26,95.95738220214844,2091.699951171875
2016-04-27,96.85204315185547,2095.14990234375
2016-04-28,94.6635971069336,2075.81005859375
2016-04-29,93.93626403808594,2065.300048828125
2016-05-02,93.50501251220703,2081.429931640625
2016-05-03,92.77124786376953,2063.3701171875
2016-05-04,92.84847259521484,2051.1201171875
2016-05-05,94.27740478515625,2050.6298828125
2016-05-06,95.72012329101562,2057.139892578125
2016-05-09,95.75261688232422,2058.68994140625
2016-05-10,97.46178436279297,2084.389892578125
2016-05-11,96.79890441894531,2064.4599609375
2016-05-12,96.72742462158203,2064.110107421875
2016-05-13,95.99959564208984,2046.6099853515625
2016-05-16,97.13035583496094,2066.659912109375
2016-05-17,96.18154907226562,2047.2099609375
2016-05-18,95.75261688232422,2047.6300048828125
2016-05-19,94.18640899658203,2040.0400390625
2016-05-20,95.69413757324219,2052.320068359375
2016-05-23,95.38219451904297,2048.0400390625
2016-05-24,96.38299560546875,2076.06005859375
2016-05-25,98.57957458496094,2090.5400390625
2016-05-26,99.06698608398438,2090.10009765625
2016-05-27,99.32693481445312,2099.06005859375
2016-05-31,99.91181945800781,2096.949951171875
2016-06-01,99.11246490478516,2099.330078125
2016-06-02,99.7558364868164,2105.260009765625
2016-06-03,99.35943603515625,2099.1298828125
2016-06-06,99.25544738769531,2109.409912109375
2016-06-07,99.64535522460938,2112.1298828125
2016-06-08,100.08082580566406,2119.1201171875
2016-06-09,99.70386505126953,2115.47998046875
2016-06-10,99.02149963378906,2096.070068359375
2016-06-13,98.31311798095703,2079.06005859375
2016-06-14,98.17012786865234,2075.320068359375
2016-06-15,97.9232177734375,2071.5
2016-06-16,98.17012786865234,2077.989990234375
2016-06-17,98.77455139160156,2071.219970703125
2016-06-20,99.82733154296875,2083.25
2016-06-21,100.11326599121094,2088.89990234375
2016-06-22,99.37894439697266,2085.449951171875
2016-06-23,100.95809936523438,2113.320068359375
2016-06-24,95.26519775390625,2037.4100341796875
2016-06-27,93.25713348388672,2000.5400390625
2016-06-28,94.68682098388672,2036.0899658203125
2016-06-29,96.48048400878906,2070.77001953125
2016-06-30,98.63804626464844,2098.860107421875
2016-07-01,99.00849151611328,2102.949951171875
2016-07-05,98.5730972290039,2088.550048828125
2016-07-06,99.02149963378906,2099.72998046875
2016-07-07,99.17095184326172,2097.89990234375
2016-07-08,100.37971496582031,2129.89990234375
2016-07-11,100.94514465332031,2137.159912109375
2016-07-12,102.05640411376953,2152.139892578125
2016-07-13,102.69329071044922,2152.429931640625
2016-07-14,104.1619873046875,2163.75
2016-07-15,103.83707427978516,2161.739990234375
2016-07-18,103.88907623291016,2166.889892578125
2016-07-19,103.70708465576172,2163.780029296875
2016-07-20,104.86385345458984,2173.02001953125
2016-07-21,104.2724838256836,2165.169921875
2016-07-22,105.32527923583984,2175.030029296875
2016-07-25,105.70222473144531,2168.47998046875
2016-07-26,105.35777282714844,2169.179931640625
2016-07-27,105.16932678222656,2166.580078125
2016-07-28,104.87039184570312,2170.06005859375
2016-07-29,104.38294219970703,2173.60009765625
2016-08-01,104.92237854003906,2170.840087890625
2016-08-02,104.35697937011719,2157.030029296875
2016-08-03,104.41545867919922,2163.7900390625
2016-08-04,104.98731994628906,2164.25
2016-08-05,106.25460052490234,2182.8701171875
2016-08-08,106.21528625488281,2180.889892578125
2016-08-09,106.03828430175781,2181.739990234375
2016-08-10,106.24148559570312,2175.489990234375
2016-08-11,107.19195556640625,2185.7900390625
2016-08-12,106.15625,2184.050048828125
2016-08-15,106.11039733886719,2190.14990234375
2016-08-16,105.33692169189453,2178.14990234375
2016-08-17,105.16654205322266,2182.219970703125
2016-08-18,105.76953125,2187.02001953125
2016-08-19,104.9043197631836,2183.8701171875
2016-08-22,104.87808227539062,2182.639892578125
2016-08-23,105.04851531982422,2186.89990234375
2016-08-24,104.25537109375,2175.43994140625
2016-08-25,103.98007202148438,2172.469970703125
2016-08-26,103.77688598632812,2169.0400390625
2016-08-29,104.69453430175781,2180.3798828125
2016-08-30,104.48480224609375,2176.1201171875
2016-08-31,104.1439208984375,2170.949951171875
2016-09-01,104.5765609741211,2170.860107421875
2016-09-02,104.58311462402344,2179.97998046875
2016-09-06,105.10748291015625,2186.47998046875
2016-09-07,105.95309448242188,2186.159912109375
2016-09-08,104.22256469726562,2181.300048828125
2016-09-09,102.05292510986328,2127.81005859375
2016-09-12,103.75721740722656,2159.0400390625
2016-09-13,102.1315689086914,2127.02001953125
2016-09-14,100.97792053222656,2125.77001953125
2016-09-15,102.03327178955078,2147.260009765625
2016-09-16,100.84024810791016,2139.159912109375
2016-09-19,101.51544189453125,2139.1201171875
2016-09-20,101.24011993408203,2139.760009765625
2016-09-21,101.94806671142578,2163.1201171875
2016-09-22,102.32820892333984,2177.179931640625
2016-09-23,101.58751678466797,2164.68994140625
2016-09-26,100.93204498291016,2146.10009765625
2016-09-27,102.76082611083984,2159.929931640625
2016-09-28,103.75721740722656,2171.3701171875
2016-09-29,103.63920593261719,2151.1298828125
2016-09-30,104.124267578125,2168.27001953125
2016-10-03,103.31147003173828,2161.199951171875
2016-10-04,102.55764770507812,2150.489990234375
2016-10-05,102.96407318115234,2159.72998046875
2016-10-06,102.83296203613281,2160.77001953125
2016-10-07,102.03984069824219,2153.739990234375
2016-10-10,102.92472839355469,2163.659912109375
2016-10-11,101.4630126953125,2136.72998046875
2016-10-12,101.1352310180664,2139.179931640625
2016-10-13,100.7616195678711,2132.550048828125
2016-10-14,101.24011993408203,2132.97998046875
2016-10-17,101.44989013671875,2126.5
2016-10-18,98.79515838623047,2139.60009765625
2016-10-19,99.14913177490234,2144.2900390625
2016-10-20,99.3195571899414,2141.340087890625
2016-10-21,98.0806884765625,2141.159912109375
2016-10-24,98.69682312011719,2151.330078125
2016-10-25,98.9000473022461,2143.159912109375
2016-10-26,99.50962829589844,2139.429931640625
2016-10-27,100.51909637451172,2133.0400390625
2016-10-28,100.03402709960938,2126.409912109375
2016-10-31,100.74192810058594,2126.14990234375
2016-11-01,100.15202331542969,2111.719970703125
2016-11-02,99.60140991210938,2097.93994140625
2016-11-03,99.87671661376953,2088.659912109375
2016-11-04,99.91603088378906,2085.179931640625
2016-11-07,102.07257843017578,2131.52001953125
2016-11-08,102.63484191894531,2139.56005859375
2016-11-09,102.39667510986328,2163.260009765625
2016-11-10,105.97505950927734,2167.47998046875
2016-11-11,106.66958618164062,2164.449951171875
2016-11-14,104.64557647705078,2164.199951171875
2016-11-15,104.94982147216797,2180.389892578125
2016-11-16,105.35995483398438,2176.93994140625
2016-11-17,105.69725036621094,2187.1201171875
2016-11-18,106.08753204345703,2181.89990234375
2016-11-21,107.66168975830078,2198.179931640625
2016-11-22,107.5955810546875,2202.93994140625
2016-11-23,107.13919067382812,2204.719970703125
2016-11-25,107.9064712524414,2213.35009765625
2016-11-28,108.81922912597656,2201.719970703125
2016-11-29,108.16439056396484,2204.659912109375
2016-11-30,107.29793548583984,2198.81005859375
2016-12-01,105.71048736572266,2191.080078125
2016-12-02,105.8427505493164,2191.949951171875
2016-12-05,105.72368621826172,2204.7099609375
2016-12-06,106.06103515625,2212.22998046875
2016-12-07,108.99778747558594,2241.35009765625
2016-12-08,109.37483978271484,2246.18994140625
2016-12-09,110.14210510253906,2259.530029296875
2016-12-12,109.46743774414062,2256.9599609375
2016-12-13,111.31283569335938,2271.719970703125
2016-12-14,111.45835876464844,2253.280029296875
2016-12-15,111.13424682617188,2262.030029296875
2016-12-16,110.28102111816406,2258.070068359375
2016-12-19,110.2479476928711,2262.530029296875
2016-12-20,110.85645294189453,2270.760009765625
2016-12-21,110.6778564453125,2265.179931640625
2016-12-22,110.49925231933594,2260.9599609375
2016-12-23,110.26776123046875,2263.7900390625
2016-12-27,110.55215454101562,2268.8798828125
2016-12-28,109.923828125,2249.919921875
2016-12-29,110.19500732421875,2249.260009765625
2016-12-30,109.79149627685547,2238.830078125
